{"name":"t:sections.header.name","type":"header","sections":{"announcement-bar":{"type":"announcement-bar","blocks":{"announcement":{"type":"announcement","settings":{"text":"Free shipping for orders over $50 to the U.S. and Japan","link":""}},"announcement_pkUjHG":{"type":"announcement","settings":{"text":"Free shipping for first order code: NEW","link":""}}},"block_order":["announcement","announcement_pkUjHG"],"custom_css":[".header-localization {height: 30px;}","div {height: 30px;}","span {font-size: 12px;}"],"settings":{"color_scheme":"scheme-3","show_line_separator":false,"show_social":false,"auto_rotate":true,"change_slides_speed":5,"enable_country_selector":false,"enable_language_selector":true}},"header":{"type":"header","settings":{"logo_position":"top-center","menu":"","menu_type_desktop":"dropdown","sticky_header_type":"none","show_line_separator":false,"color_scheme":"scheme-1","menu_color_scheme":"scheme-1","enable_country_selector":true,"enable_language_selector":true,"enable_customer_avatar":true,"mobile_logo_position":"center","margin_bottom":0,"padding_top":36,"padding_bottom":12}}},"order":["announcement-bar","header"]}